Pd,Qd,Vm,Va
0,0,1.06,0
25.82094938,12.7,1.045,-5.30604589
95.59075824,19,1.01,-13.24279894
50.41146545,-3.9,1.016469467,-10.82860839
6.724533935,1.6,1.018416544,-9.21685799
12.44152445,7.5,1.07,-15.01085521
0,0,1.060863476,-14.03925664
0,0,1.09,-14.03925664
31.83202794,16.6,1.055294976,-15.70207416
9.561713109,5.8,1.050286168,-15.88898814
3.689459816,1.8,1.056466602,-15.59047962
6.154167675,1.6,1.05487217,-15.90450057
15.6603875,5.8,1.049598692,-16.01155054
13.38752291,5,1.035942995,-16.71635437
-0.238014,0,1.06,0
24.7122423,12.7,1.045,-5.116264219
92.73599311,19,1.01,-12.81615552
52.05194723,-3.9,1.017258057,-10.51725228
7.244528265,1.6,1.019139148,-8.947529365
11.73786052,7.5,1.07,-14.51148413
0.240339607,0,1.061673824,-13.47653196
-0.371010294,0,1.09,-13.44417456
27.95473025,16.6,1.056422104,-15.01615085
9.233362072,5.8,1.051480302,-15.20677237
2.73911507,1.8,1.057528273,-14.9512446
6.042477235,1.6,1.054882996,-15.40593194
16.7383687,5.8,1.049380708,-15.5255985
13.06619059,5,1.036740011,-16.09054818
-0.031619876,0,1.06,0
24.45233509,12.7,1.045,-4.897972217
84.80236212,19,1.01,-12.08391078
48.89942895,-3.9,1.017247757,-10.18504543
6.951243486,1.6,1.019044427,-8.703898583
12.20449208,7.5,1.07,-14.4881168
0.356405259,0,1.061600798,-13.30132282
-0.67772109,0,1.09,-13.24221178
29.84575327,16.6,1.056397214,-14.93291763
9.602831668,5.8,1.051383562,-15.14605248
2.672536561,1.8,1.057515723,-14.9054697
7.128957356,1.6,1.053814845,-15.47489589
17.54711841,5.8,1.048910306,-15.55060357
12.75267689,5,1.036752217,-16.02940671
0.011971609,0,1.06,0
22.07631217,12.7,1.045,-4.440234994
79.67596393,19,1.01,-11.13352454
44.47124266,-3.9,1.018838678,-9.378115175
6.976123698,1.6,1.020681945,-7.996709705
7.525814892,7.5,1.07,-13.23503067
0.444158084,0,1.062175121,-12.38288339
-0.061902048,0,1.09,-12.37748719
29.33615594,16.6,1.05667213,-13.91926806
9.803971765,5.8,1.051615241,-14.0843561
1.934130856,1.8,1.057895965,-13.71308273
6.887024646,1.6,1.054149056,-14.21072493
17.40339451,5.8,1.049135861,-14.30782112
12.18168673,5,1.03742088,-14.87015894
0.211164236,0,1.06,0
25.00405632,12.7,1.045,-4.672099198
85.69110219,19,1.01,-11.72886652
41.78079378,-3.9,1.018858545,-9.647919764
6.412088732,1.6,1.02055488,-8.234616091
7.194712062,7.5,1.07,-13.63593622
0.379659309,0,1.062102111,-12.73353775
0.038873436,0,1.09,-12.7369267
28.74533547,16.6,1.05656554,-14.30996093
10.91355929,5.8,1.051225423,-14.51815218
2.017807542,1.8,1.057651621,-14.1346344
7.561997381,1.6,1.053399572,-14.68308687
17.90837203,5.8,1.048579188,-14.76500152
13.11345683,5,1.036430736,-15.36513411
-0.120914978,0,1.06,0
25.69558525,12.7,1.045,-4.380259929
80.97425772,19,1.01,-10.98978965
34.5642197,-3.9,1.020258973,-9.044985178
6.819434765,1.6,1.021528044,-7.772537957
6.239076414,7.5,1.07,-13.17003673
0.233400029,0,1.063042382,-12.08665814
0.190819528,0,1.09,-12.10327891
27.82084799,16.6,1.057802027,-13.64036235
9.867423565,5.8,1.052507838,-13.85478248
2.458009113,1.8,1.058177799,-13.59104803
8.567952102,1.6,1.052347521,-14.31206484
19.77265739,5.8,1.047964898,-14.36101949
12.18512863,5,1.037560227,-14.73540726
0.265456004,0,1.06,0
28.22957978,12.7,1.045,-4.543144557
80.94190939,19,1.01,-11.21786503
41.3776074,-3.9,1.019620694,-9.322909046
6.651093947,1.6,1.021251115,-7.966322267
5.96960456,7.5,1.07,-13.17542431
-0.277874147,0,1.062682972,-12.25491067
0.453823332,0,1.09,-12.29445297
26.41525953,16.6,1.057295884,-13.76546324
11.43128317,5.8,1.051567858,-14.02588758
3.058968459,1.8,1.057399157,-13.71024295
7.391035815,1.6,1.053642382,-14.19663119
18.33778635,5.8,1.048878739,-14.27572926
11.4842038,5,1.038181543,-14.71285337
-0.17564395,0,1.06,0
30.70424411,12.7,1.045,-4.661785012
82.000075,19,1.01,-11.40783391
42.41730267,-3.9,1.019564244,-9.461253744
7.904391102,1.6,1.021161195,-8.091978225
5.808353756,7.5,1.07,-13.21750732
-0.04244413,0,1.062686464,-12.33496586
0.234978831,0,1.09,-12.35543985
25.03255509,16.6,1.057290316,-13.8143051
12.41574597,5.8,1.05138446,-14.09823882
2.47464152,1.8,1.057542218,-13.73839751
6.546586309,1.6,1.054315343,-14.18821962
18.82232416,5.8,1.048784261,-14.31932084
11.44100822,5,1.038168021,-14.75602702
-0.165922196,0,1.06,0
33.93868054,12.7,1.045,-5.082773338
94.03490462,19,1.01,-12.61195161
48.43738197,-3.9,1.019331898,-10.05782866
7.53507738,1.6,1.021284511,-8.515608076
4.387612385,7.5,1.07,-13.21188808
-0.263607926,0,1.062366905,-12.72380926
0.104188403,0,1.09,-12.73289005
24.80780013,16.6,1.056591229,-14.11584853
11.62557425,5.8,1.050848777,-14.33057294
3.180462639,1.8,1.056904515,-13.8888381
5.882946761,1.6,1.055508217,-14.05718779
14.46017152,5.8,1.050620198,-14.15802798
12.16683546,5,1.03802041,-14.91419927
-0.103926831,0,1.06,0
31.91060488,12.7,1.045,-5.203350158
99.26778636,19,1.01,-13.10527032
49.60660869,-3.9,1.018993836,-10.30930165
7.601386315,1.6,1.021000806,-8.712201018
4.602876942,7.5,1.07,-13.4136309
-0.501029796,0,1.062094127,-12.96950704
-0.437272443,0,1.09,-12.93138572
26.1897034,16.6,1.05620226,-14.40238499
13.25433947,5.8,1.050101188,-14.65761586
3.004460007,1.8,1.056557462,-14.14498404
5.591075032,1.6,1.055866394,-14.22620234
14.64386933,5.8,1.050944584,-14.33244916
10.10791134,5,1.039436152,-14.98704247
-0.083812525,0,1.06,0
31.95624484,12.7,1.045,-4.938025625
102.0803699,19,1.01,-12.77289832
41.95592417,-3.9,1.021431587,-9.66012348
8.007107867,1.6,1.022940519,-8.175727636
4.305734159,7.5,1.07,-12.51508527
-0.583889398,0,1.063677332,-12.02390488
-0.332608635,0,1.09,-11.99495129
20.53397689,16.6,1.058105728,-13.3023876
13.51449705,5.8,1.051753651,-13.58990692
2.336058787,1.8,1.057737402,-13.12813997
5.282744277,1.6,1.0563319,-13.27530824
13.85793548,5.8,1.051585538,-13.37145673
10.55020056,5,1.040498727,-13.98133935
0.267059508,0,1.06,0
31.98157874,12.7,1.045,-5.206311399
104.2298538,19,1.01,-13.32932954
49.63498465,-3.9,1.020182621,-10.21606415
8.779378482,1.6,1.021856054,-8.63748935
5.250878604,7.5,1.07,-13.11396882
-0.875623299,0,1.063317347,-12.51629644
-0.250296238,0,1.09,-12.49450077
19.79726353,16.6,1.057968755,-13.77225519
13.57179741,5.8,1.051631635,-14.08688251
2.474404227,1.8,1.057644752,-13.68195692
6.249329332,1.6,1.055487798,-13.93195575
14.31914713,5.8,1.051540752,-13.96728407
9.078936083,5,1.041476532,-14.38852679
0.68920829,0,1.06,0
30.85672315,12.7,1.045,-5.27701656
106.7749316,19,1.01,-13.59457685
50.9774603,-3.9,1.019885901,-10.37179736
9.679602746,1.6,1.021649661,-8.757753557
6.137893434,7.5,1.07,-13.12217412
-0.786422586,0,1.063017688,-12.67013626
-0.271147558,0,1.09,-12.64651822
19.96605011,16.6,1.05748111,-13.92152987
15.3133415,5.8,1.050773646,-14.26909085
2.200172449,1.8,1.057269645,-13.7643905
6.444593026,1.6,1.055821471,-13.88104769
11.08424036,5.8,1.053025263,-13.84485721
8.585084266,5,1.042188846,-14.37979555
0.819992355,0,1.06,0
34.96598612,12.7,1.045,-5.173255761
97.31187947,19,1.01,-12.8855744
52.35462484,-3.9,1.019910625,-10.15249969
9.968508892,1.6,1.021623987,-8.604786958
6.306694114,7.5,1.07,-13.06118481
-0.606867204,0,1.063343598,-12.41325961
-0.542108453,0,1.09,-12.36605424
20.81794815,16.6,1.058148673,-13.6495237
12.04296431,5.8,1.052188493,-13.92290669
2.548530565,1.8,1.057930059,-13.57664518
7.349963651,1.6,1.054803829,-13.91024241
12.89418423,5.8,1.052286161,-13.84780009
8.097520258,5,1.042616545,-14.18855501
0.629141509,0,1.06,0
36.02367991,12.7,1.045,-5.990431509
116.1637062,19,1.01,-15.1205381
58.06535683,-3.9,1.017652495,-11.5499776
10.75279859,1.6,1.019687437,-9.743033647
5.272858328,7.5,1.07,-14.33339753
-0.291183378,0,1.061648651,-14.00031149
-0.986580643,0,1.09,-13.91426548
25.87808683,16.6,1.055835486,-15.34225561
12.72489638,5.8,1.049870529,-15.58287776
3.439973033,1.8,1.056253781,-15.08919215
7.269146288,1.6,1.054987002,-15.17306129
11.75007577,5.8,1.052541931,-15.1136876
7.480665391,5,1.041816357,-15.64729512
0.952720651,0,1.06,0
35.57629768,12.7,1.045,-6.089973831
126.1322044,19,1.01,-15.75280299
53.47825607,-3.9,1.018678579,-11.58470912
10.43721912,1.6,1.020384755,-9.772950452
5.389738203,7.5,1.07,-14.32190376
-1.356256805,0,1.062308293,-13.8824015
-1.422047026,0,1.09,-13.75845265
25.99274246,16.6,1.056645591,-15.22972646
11.58278854,5.8,1.050846278,-15.4498064
3.595635571,1.8,1.056725845,-15.02432732
6.75899053,1.6,1.055333093,-15.1402781
13.02030254,5.8,1.05230205,-15.11999869
6.825205238,5,1.042655163,-15.53422804
1.432287738,0,1.06,0
39.20939908,12.7,1.045,-5.942846504
123.7946467,19,1.01,-15.30268559
47.273049,-3.9,1.019984723,-11.14816727
10.66817868,1.6,1.021429452,-9.43034187
6.214834413,7.5,1.07,-13.83827011
-1.295242626,0,1.062958684,-13.41426421
-1.135021821,0,1.09,-13.31539369
24.56475501,16.6,1.057314738,-14.72625679
11.6367791,5.8,1.051345135,-14.9579912
3.937316738,1.8,1.056841092,-14.55397973
5.790044008,1.6,1.056400027,-14.55524536
11.4948897,5.8,1.053088572,-14.55759704
7.638821335,5,1.04279488,-15.06930904
1.211658569,0,1.06,0
41.21683339,12.7,1.045,-6.351805938
134.1522371,19,1.01,-16.41584013
43.88736503,-3.9,1.019447284,-11.73682128
13.25152832,1.6,1.0206181,-9.967848223
6.322401352,7.5,1.07,-14.51357093
-0.930058168,0,1.062510075,-14.1522664
-0.939288729,0,1.09,-14.07041144
27.94200806,16.6,1.056716556,-15.51039839
10.95372316,5.8,1.050989726,-15.70044918
4.040554558,1.8,1.056595257,-15.26839517
6.29123626,1.6,1.055961492,-15.27161298
11.88486182,5.8,1.052984146,-15.25347641
6.393408305,5,1.043291471,-15.71628861
1.193434901,0,1.06,0
49.8224521,12.7,1.045,-6.645743401
136.5255801,19,1.01,-16.8198384
45.39033233,-3.9,1.019703163,-11.98171604
14.13825703,1.6,1.020774606,-10.18352143
7.889435349,7.5,1.07,-14.58744708
-0.31012827,0,1.062896306,-14.23671437
-0.85952323,0,1.09,-14.16183785
23.53063728,16.6,1.057295805,-15.47193696
12.02316972,5.8,1.051233998,-15.71739676
3.896070955,1.8,1.05679833,-15.30622351
5.67535333,1.6,1.05678187,-15.24990182
10.11974593,5.8,1.053988359,-15.21837072
6.444320969,5,1.044028334,-15.6827365
1.324933598,0,1.06,0
46.48526092,12.7,1.045,-5.885610391
119.7532039,19,1.01,-14.83147669
41.07109493,-3.9,1.02129898,-10.77764146
14.68157802,1.6,1.022283137,-9.189402372
7.068479814,7.5,1.07,-13.29656034
-0.003182433,0,1.063724737,-12.95911006
-0.991210358,0,1.09,-12.87282899
22.33472338,16.6,1.058174366,-14.14711589
11.11369366,5.8,1.05216145,-14.37244818
4.255037157,1.8,1.05713995,-14.00639479
4.990040298,1.6,1.057541024,-13.88858948
9.070093766,5.8,1.054550538,-13.8743398
7.21352944,5,1.04422549,-14.41016672
0.923234726,0,1.06,0
41.37019885,12.7,1.045,-5.770317696
124.3614961,19,1.01,-14.97353366
39.61267336,-3.9,1.021744337,-10.65405089
13.34785489,1.6,1.022786208,-9.046994445
6.757722547,7.5,1.07,-13.03651093
0.012296149,0,1.06388112,-12.80800849
-0.726327513,0,1.09,-12.74479377
23.78023229,16.6,1.058249792,-13.96643553
10.36752466,5.8,1.052517091,-14.1365139
3.4472249,1.8,1.057656486,-13.71847693
5.140277692,1.6,1.057534062,-13.62821642
8.89106418,5.8,1.054853195,-13.59807473
6.027440979,5,1.045239577,-14.09383948
1.409569529,0,1.06,0
40.65547052,12.7,1.045,-6.301602994
146.8584633,19,1.01,-16.92454612
35.86091537,-3.9,1.021947794,-11.39458417
14.6506219,1.6,1.022638671,-9.669105034
7.18549526,7.5,1.07,-13.64022939
0.143064797,0,1.064069416,-13.45545342
-0.567400927,0,1.09,-13.40607935
21.62811656,16.6,1.058488974,-14.54929919
11.04429532,5.8,1.052536072,-14.74812581
3.494232581,1.8,1.057644246,-14.32857927
5.869694055,1.6,1.057125085,-14.24866374
7.519528595,5.8,1.055457049,-14.15128389
5.831491891,5,1.04577822,-14.64799494
1.348969663,0,1.06,0
37.67765316,12.7,1.045,-5.94416955
134.0613123,19,1.01,-15.79722613
37.26118449,-3.9,1.021557149,-10.98715898
13.63815463,1.6,1.022416684,-9.334524962
8.258528191,7.5,1.07,-13.49689482
0.335007135,0,1.063814111,-13.21062773
-0.511214491,0,1.09,-13.16613222
21.7808842,16.6,1.058233707,-14.37482615
12.52970577,5.8,1.051951512,-14.63065209
3.404324521,1.8,1.057373747,-14.19350877
5.633487204,1.6,1.057200419,-14.10333631
7.871000328,5.8,1.055124637,-14.02985635
6.672866172,5,1.04489167,-14.5633289
2.005395342,0,1.06,0
37.06330024,12.7,1.045,-6.448963353
143.9003413,19,1.01,-17.12476095
40.27874221,-3.9,1.019662926,-11.9182934
14.58681442,1.6,1.020640375,-10.12322645
9.305134932,7.5,1.07,-14.60315654
0.595556246,0,1.062584902,-14.37796421
-0.391258665,0,1.09,-14.34387011
24.70035459,16.6,1.056739655,-15.64283191
13.58187502,5.8,1.050403418,-15.90710339
3.34306509,1.8,1.056552751,-15.38221073
5.759740051,1.6,1.056995608,-15.23286893
7.794715997,5.8,1.054819583,-15.16495295
7.016941472,5,1.043642624,-15.80113388
1.485496323,0,1.06,0
38.09506052,12.7,1.045,-7.350049123
170.4487678,19,1.01,-19.87126398
41.8952334,-3.9,1.018263064,-13.31237461
14.55297293,1.6,1.01916951,-11.2703197
8.782106465,7.5,1.07,-15.9637461
1.184705485,0,1.06191252,-15.78336656
-0.376755038,0,1.09,-15.75051552
22.71054769,16.6,1.056038742,-17.01924341
14.0550172,5.8,1.04961702,-17.30742083
3.86927558,1.8,1.05591418,-16.7887966
6.421364782,1.6,1.056196795,-16.67116717
8.391259544,5.8,1.054080778,-16.59464061
8.264671037,5,1.042025805,-17.30048301
1.95317976,0,1.06,0
31.3645419,12.7,1.045,-7.219464765
174.6957545,19,1.01,-20.01164143
40.27786736,-3.9,1.018461236,-13.22186199
12.86807546,1.6,1.019381052,-11.16785311
8.130335864,7.5,1.07,-15.93957093
1.197158819,0,1.062030865,-15.70969974
-0.251602557,0,1.09,-15.68776378
21.04957259,16.6,1.056194122,-16.94664645
15.53562716,5.8,1.049446545,-17.28581547
3.280100519,1.8,1.056073939,-16.73626029
6.149921674,1.6,1.056109697,-16.67721743
10.4741626,5.8,1.053124757,-16.65665139
8.574365498,5,1.041484241,-17.31169504
1.502128817,0,1.06,0
30.64929359,12.7,1.045,-7.974842556
197.9488267,19,1.01,-22.42424497
42.6082935,-3.9,1.016862369,-14.43041817
12.49917129,1.6,1.017991564,-12.1292514
7.560925621,7.5,1.07,-16.90641222
1.398983181,0,1.060958437,-16.96282232
0.206903945,0,1.09,-16.98087947
23.50141958,16.6,1.054759537,-18.18526157
14.36829307,5.8,1.048512254,-18.43353085
3.200254704,1.8,1.055570589,-17.79034324
5.757660472,1.6,1.056484575,-17.61939445
9.718983701,5.8,1.053215038,-17.62297368
8.819335761,5,1.04049552,-18.45177225
1.502166406,0,1.06,0
34.18706056,12.7,1.045,-8.509636477
203.7327743,19,1.01,-23.53075599
48.44671847,-3.9,1.014813643,-15.32807879
13.28129411,1.6,1.016145885,-12.88069993
8.0665179,7.5,1.07,-17.85100056
1.557477279,0,1.059739484,-17.98250825
-0.003948383,0,1.09,-17.98216327
24.81630158,16.6,1.053317436,-19.2700131
16.08464927,5.8,1.046892403,-19.54654458
2.690159655,1.8,1.054897181,-18.79354579
6.213134925,1.6,1.056077467,-18.59539202
9.047157544,5.8,1.053145553,-18.57430324
9.153821456,5,1.039380119,-19.50558141
1.666135986,0,1.06,0
31.61523628,12.7,1.045,-8.821781425
212.7658743,19,1.01,-24.55338677
46.85701658,-3.9,1.013550531,-15.9080354
14.02688179,1.6,1.014831282,-13.38207998
9.460303027,7.5,1.07,-18.61405185
2.020390272,0,1.058811227,-18.78007802
-0.301002536,0,1.09,-18.75375532
27.68226095,16.6,1.052143593,-20.17050091
15.77086337,5.8,1.045975303,-20.41035344
2.616080585,1.8,1.054422747,-19.60322967
5.982467215,1.6,1.056196871,-19.35240172
8.153885056,5.8,1.052939976,-19.35169311
11.25261473,5,1.037070612,-20.52136774
1.346255689,0,1.06,0
34.62995057,12.7,1.045,-11.23703121
275.4404655,19,1.01,-31.67730343
53.91787381,-3.9,1.007654095,-19.63448001
15.18617994,1.6,1.008923822,-16.45381524
11.08178389,7.5,1.07,-22.13062174
2.237130716,0,1.056093094,-22.39941707
-0.504467575,0,1.09,-22.35518779
23.89730771,16.6,1.04938855,-23.72853643
17.35903451,5.8,1.043033347,-24.0470272
4.122308451,1.8,1.052231095,-23.25403052
5.741088647,1.6,1.056183382,-22.85929735
7.898845124,5.8,1.052478123,-22.87355108
12.157565,5,1.034616613,-24.13812953
0.911667238,0,1.06,0
39.68314722,12.7,1.045,-10.34041747
241.812399,19,1.01,-28.36185246
58.5546763,-3.9,1.009542009,-18.24606924
16.05328326,1.6,1.010997884,-15.31378589
10.51719909,7.5,1.07,-20.68906413
1.53394771,0,1.056945682,-20.98851033
-0.061953552,0,1.09,-20.98308292
25.8300893,16.6,1.050199663,-22.32253994
16.17191053,5.8,1.044036777,-22.58910199
3.996871192,1.8,1.05280652,-21.79871314
4.775755621,1.6,1.057205782,-21.33086045
7.560614341,5.8,1.053087434,-21.38065411
11.23458024,5,1.036016156,-22.6188671
1.081924185,0,1.06,0
35.73922158,12.7,1.045,-10.39900235
249.6965036,19,1.01,-28.95013406
58.52749883,-3.9,1.009596679,-18.37491058
15.08606535,1.6,1.011136526,-15.38282901
10.84278718,7.5,1.07,-20.64850503
2.364705748,0,1.057121437,-21.03499686
0.297225349,0,1.09,-21.06103079
24.94271694,16.6,1.050466467,-22.25868168
13.93812,5.8,1.044932127,-22.43877367
3.490896946,1.8,1.053518929,-21.67771825
4.348001781,1.6,1.057580113,-21.25902664
7.467180136,5.8,1.053153286,-21.32996769
11.62308403,5,1.035915284,-22.59188622
1.289942608,0,1.06,0
29.09114394,12.7,1.045,-10.48728229
255.6477134,19,1.01,-29.55558453
58.67513049,-3.9,1.008552209,-18.70082655
16.27943775,1.6,1.010098789,-15.65838978
10.70930064,7.5,1.07,-21.03956418
1.849711298,0,1.056407075,-21.45926699
0.600777914,0,1.09,-21.51192465
24.62115807,16.6,1.04956042,-22.74529782
16.90056544,5.8,1.043371775,-23.01511809
3.418253288,1.8,1.052682482,-22.15774096
4.178181548,1.6,1.057669413,-21.64533604
7.386189158,5.8,1.053008279,-21.7309877
11.85724784,5,1.035146159,-23.06057433
1.019090662,0,1.06,0
30.33397989,12.7,1.045,-10.91432442
275.8457654,19,1.01,-31.2518373
52.3602231,-3.9,1.009172892,-19.12003247
15.47848691,1.6,1.010445922,-15.99725963
10.74793179,7.5,1.07,-21.28867957
1.7131419,0,1.057050295,-21.64215334
0.23844437,0,1.09,-21.66304006
21.12642193,16.6,1.050469889,-22.83434164
17.54412472,5.8,1.044001981,-23.15479077
3.379040576,1.8,1.053061537,-22.34992659
4.028578954,1.6,1.057794629,-21.8814945
8.400685285,5.8,1.053035016,-21.97240661
10.45395404,5,1.036731075,-23.10263094
0.942726013,0,1.06,0
30.39107549,12.7,1.045,-10.87043734
281.8763105,19,1.01,-31.48018218
47.60801107,-3.9,1.010351035,-18.89867936
12.8885836,1.6,1.011611447,-15.78083918
9.379147458,7.5,1.07,-20.97369348
1.736730589,0,1.057748368,-21.30877543
0.160120292,0,1.09,-21.32279203
18.84479465,16.6,1.051272301,-22.44687975
17.66619652,5.8,1.044645513,-22.78562401
3.450668954,1.8,1.053381046,-22.01162507
4.103033925,1.6,1.05760592,-21.59478123
9.575977808,5.8,1.052617012,-21.70200673
10.44808664,5,1.037027261,-22.76584601
1.659722654,0,1.06,0
31.77833736,12.7,1.045,-11.14399174
289.4714704,19,1.01,-32.29814773
49.13469935,-3.9,1.010007263,-19.26431776
13.40683977,1.6,1.011291887,-16.07169623
10.16675183,7.5,1.07,-21.12608314
2.621989138,0,1.057791414,-21.53777739
0.174173556,0,1.09,-21.55302357
18.00181669,16.6,1.051454594,-22.55373819
14.44848989,5.8,1.045687959,-22.78106004
3.312266524,1.8,1.054028385,-22.07826155
3.758403959,1.6,1.058017985,-21.70054655
8.526150221,5.8,1.053041887,-21.80590065
11.13265542,5,1.036818457,-22.9259926
2.036703253,0,1.06,0
35.71725713,12.7,1.045,-10.17977316
254.4738513,19,1.01,-28.81125022
56.77341914,-3.9,1.012124612,-17.81951097
13.5598909,1.6,1.013522799,-14.87496835
10.81351211,7.5,1.07,-19.67360043
2.757086917,0,1.059158896,-19.9440858
0.114877137,0,1.09,-19.95412852
16.48332394,16.6,1.053178332,-20.87984517
12.71143577,5.8,1.047688554,-21.07619785
2.937336962,1.8,1.055296185,-20.48036573
3.375991266,1.6,1.05848519,-20.1973969
8.565147624,5.8,1.053526667,-20.30193554
10.45306961,5,1.038539254,-21.27043621
2.162317589,0,1.06,0
33.93475176,12.7,1.045,-10.40952815
253.1560271,19,1.01,-29.18065849
60.78284492,-3.9,1.009954205,-18.40251086
14.32367348,1.6,1.011383774,-15.39433977
11.37900015,7.5,1.07,-20.68448809
2.566043149,0,1.057884453,-20.80417564
-0.314874167,0,1.09,-20.77661574
17.6308035,16.6,1.051765856,-21.91684284
15.31331795,5.8,1.04578351,-22.20692052
3.158615218,1.8,1.05418502,-21.56170787
3.515472302,1.6,1.057876827,-21.28276467
10.22838889,5.8,1.052087585,-21.43377104
12.47096294,5,1.035626312,-22.51292098
2.141127939,0,1.06,0
37.80536393,12.7,1.045,-10.95334931
248.5153096,19,1.01,-29.80282058
78.42837518,-3.9,1.006195299,-19.52988121
14.89506564,1.6,1.00810525,-16.31947514
11.18853028,7.5,1.07,-21.93572822
2.378161636,0,1.056074945,-22.0014232
-0.561582712,0,1.09,-21.95218549
17.83651546,16.6,1.049943465,-23.17188284
17.01634095,5.8,1.043889764,-23.51279366
2.579524022,1.8,1.053437127,-22.8099281
4.204815706,1.6,1.056844543,-22.63501127
12.35167947,5.8,1.050776102,-22.79303832
12.24516038,5,1.034178736,-23.79738808
2.017498392,0,1.06,0
36.02819668,12.7,1.045,-11.4295291
267.6207844,19,1.01,-31.60728589
78.11179281,-3.9,1.005663666,-20.21251239
14.04626797,1.6,1.007517189,-16.85447453
11.15850289,7.5,1.07,-22.43011664
2.534433294,0,1.056135309,-22.47640327
-0.781475892,0,1.09,-22.40788997
16.19650378,16.6,1.050240982,-23.54259766
13.45339843,5.8,1.045051221,-23.78432084
3.050294312,1.8,1.053905818,-23.2158829
4.673660507,1.6,1.056374668,-23.16439444
12.20751157,5.8,1.050582942,-23.29860935
13.44783062,5,1.033389351,-24.32410707
1.835518944,0,1.06,0
39.34800443,12.7,1.045,-11.98555902
272.3468512,19,1.01,-32.7253002
86.61244606,-3.9,1.003053287,-21.17270302
12.8280151,1.6,1.005197295,-17.62966909
9.951278569,7.5,1.07,-23.48376255
2.06177735,0,1.054762751,-23.50949225
-0.847591797,0,1.09,-23.43508576
15.30189292,16.6,1.048742948,-24.64223471
15.29736813,5.8,1.043303147,-24.94282268
3.037187942,1.8,1.052979396,-24.32067535
5.237870485,1.6,1.055422559,-24.31898449
13.71759732,5.8,1.04917647,-24.47474147
15.18765731,5,1.030617906,-25.60098067
1.89177433,0,1.06,0
37.18442788,12.7,1.045,-11.5314059
260.1557096,19,1.01,-31.40578136
89.18927856,-3.9,1.003663324,-20.57435935
11.56275653,1.6,1.00610378,-17.10245331
9.967027643,7.5,1.07,-22.85063836
1.812931668,0,1.054858323,-22.94048116
-1.016938544,0,1.09,-22.8512165
15.56348673,16.6,1.048646834,-24.11299017
15.94843814,5.8,1.043099021,-24.40934212
2.510343227,1.8,1.053065234,-23.71135423
5.442065952,1.6,1.055480177,-23.66841936
11.19333759,5.8,1.049839692,-23.78686382
17.21085226,5,1.029322138,-25.16691727
2.138594853,0,1.06,0
39.82205956,12.7,1.045,-9.672446881
192.6501957,19,1.01,-24.89707037
98.5167188,-3.9,1.006181763,-17.92071667
11.89909949,1.6,1.009057587,-14.94417102
9.856175964,7.5,1.07,-20.62720542
1.729945343,0,1.05628407,-20.37953383
-1.106106774,0,1.09,-20.28257322
15.44208032,16.6,1.050419453,-21.61068693
15.45234256,5.8,1.044797079,-21.93432175
2.325174814,1.8,1.054094725,-21.35237446
5.541189345,1.6,1.055196815,-21.47790507
12.93601688,5.8,1.049257883,-21.61274059
17.56207916,5,1.02985031,-22.83489786
1.225512881,0,1.06,0
42.42268188,12.7,1.045,-9.559685357
200.078629,19,1.01,-24.97831295
86.19319767,-3.9,1.008994428,-17.39544251
11.44761164,1.6,1.011241343,-14.53840821
10.16329698,7.5,1.07,-20.09960292
1.530042739,0,1.058023763,-19.66877048
-1.318878663,0,1.09,-19.55334851
13.81166757,16.6,1.052550383,-20.82880109
13.03609865,5.8,1.047284182,-21.10727218
2.214800662,1.8,1.055506895,-20.66908725
5.906525698,1.6,1.054877072,-20.97789841
13.87879832,5.8,1.049199402,-21.09541303
17.27115734,5,1.031289366,-22.14193915
1.482675244,0,1.06,0
47.5106706,12.7,1.045,-9.685331649
196.280173,19,1.01,-24.89120198
92.71016901,-3.9,1.008689098,-17.54742686
11.72890495,1.6,1.011021276,-14.66131753
9.778125501,7.5,1.07,-20.15698184
1.50215348,0,1.058272625,-19.6193569
-1.582443139,0,1.09,-19.48090155
11.96380518,16.6,1.053146534,-20.69116232
11.32292169,5.8,1.048235278,-20.94686236
2.484011337,1.8,1.055941167,-20.62995465
7.27825338,1.6,1.053713262,-21.11955155
14.23548878,5.8,1.049195821,-21.15336001
16.18306805,5,1.032457528,-22.00018352
1.072330834,0,1.06,0
50.0240715,12.7,1.045,-10.319874
223.691117,19,1.01,-27.22578234
84.59787134,-3.9,1.00919476,-18.23548832
10.91158934,1.6,1.011332505,-15.19978823
9.873927791,7.5,1.07,-20.43841663
1.351764847,0,1.058281333,-20.19804657
-1.631812984,0,1.09,-20.05527278
12.60815173,16.6,1.052842158,-21.22563327
12.26292843,5.8,1.047653155,-21.4746908
2.690821553,1.8,1.055488708,-21.04659752
6.268987394,1.6,1.055134961,-21.26236612
11.4809748,5.8,1.050848878,-21.29383709
14.78725015,5,1.034034315,-22.24899304
0.795407709,0,1.06,0
47.94960459,12.7,1.045,-9.220186327
188.7454394,19,1.01,-23.72725066
82.89100652,-3.9,1.010514974,-16.67031418
11.10796105,1.6,1.012764107,-13.94341672
11.14099633,7.5,1.07,-19.27831014
1.453349478,0,1.05864231,-18.90912178
-1.637003753,0,1.09,-18.76594266
12.1899422,16.6,1.053053469,-20.07489012
16.13054989,5.8,1.046770861,-20.46582904
2.890983706,1.8,1.054907462,-19.97274149
5.623603479,1.6,1.055814603,-20.03685871
9.812163454,5.8,1.051296467,-20.08484044
16.85521138,5,1.032805152,-21.239695
0.692459846,0,1.06,0
40.59977631,12.7,1.045,-9.963908665
199.1022572,19,1.01,-25.69163911
103.4758186,-3.9,1.005325843,-18.39846978
11.57871944,1.6,1.008407095,-15.3056155
10.66487326,7.5,1.07,-20.88337676
1.630331269,0,1.055852467,-20.73755172
-1.543290823,0,1.09,-20.60221249
13.29070645,16.6,1.049892453,-21.93712856
16.71884773,5.8,1.04388628,-22.30995746
3.160672799,1.8,1.053237483,-21.71050885
6.297142028,1.6,1.055111669,-21.69515177
8.334801467,5.8,1.050949149,-21.71108186
18.67708285,5,1.02943465,-23.15144724
0.963765496,0,1.06,0
43.06381734,12.7,1.045,-9.471325062
182.957424,19,1.01,-24.03277917
103.7259193,-3.9,1.006425586,-17.58083573
10.39098541,1.6,1.009765296,-14.61010732
10.64387147,7.5,1.07,-19.99011368
1.617286698,0,1.056279428,-19.93871701
-1.061381463,0,1.09,-19.84567659
13.10406691,16.6,1.050219859,-21.12227729
19.23558135,5.8,1.043396355,-21.58193331
3.650760341,1.8,1.052726172,-20.92538932
5.216156614,1.6,1.056390764,-20.6830477
7.732687072,5.8,1.052043197,-20.72045244
15.87427927,5,1.032201223,-22.0301652
1.28888161,0,1.06,0
45.78185345,12.7,1.045,-9.12162645
175.1051998,19,1.01,-23.00218123
101.860985,-3.9,1.008192753,-16.88192555
8.661485346,1.6,1.01148881,-14.01678126
12.56772117,7.5,1.07,-19.23228515
1.120589333,0,1.057521373,-19.06219051
-0.86015266,0,1.09,-18.98687832
13.83527029,16.6,1.05184716,-20.17131282
16.94963312,5.8,1.045374252,-20.58574998
3.897926808,1.8,1.05371445,-20.06059736
5.601862673,1.6,1.056498078,-19.88535674
7.04935784,5.8,1.053346699,-19.84583205
12.37664295,5,1.036316605,-20.82708122
1.37420239,0,1.06,0
37.07489145,12.7,1.045,-8.994794722
182.1728007,19,1.01,-23.32731163
99.02710155,-3.9,1.00851992,-16.81564796
8.778386103,1.6,1.01170173,-13.9494258
12.00550022,7.5,1.07,-19.15148448
0.950853719,0,1.057669075,-18.96128537
-1.215341232,0,1.09,-18.85488884
12.88492681,16.6,1.05198152,-20.08252801
18.29135326,5.8,1.045121699,-20.54786566
3.943168102,1.8,1.053552217,-20.00367477
5.447071236,1.6,1.056574428,-19.80394212
7.641903839,5.8,1.053176787,-19.78140878
12.10070273,5,1.036523988,-20.72677857
1.262157119,0,1.06,0
38.74592711,12.7,1.045,-8.914955139
184.0815037,19,1.01,-23.22578216
91.63842918,-3.9,1.009957997,-16.51398914
9.169992248,1.6,1.012657803,-13.74267363
13.47923871,7.5,1.07,-19.01454355
1.321984863,0,1.058667323,-18.61030424
-1.544128203,0,1.09,-18.47525162
10.63893853,16.6,1.053329176,-19.70385461
18.20100678,5.8,1.046291902,-20.21133786
4.13710917,1.8,1.054132332,-19.77599127
7.004848787,1.6,1.055420549,-19.73932549
6.57981223,5.8,1.053660934,-19.60280674
12.20959355,5,1.037450148,-20.44271646
1.482237021,0,1.06,0
34.18053033,12.7,1.045,-9.232452065
199.7110125,19,1.01,-24.61807323
89.90958927,-3.9,1.009413358,-17.0608353
9.873281459,1.6,1.012020574,-14.18536077
12.33329429,7.5,1.07,-19.44316547
1.166057888,0,1.058243458,-19.13859263
-1.789075411,0,1.09,-18.98205369
9.797765024,16.6,1.052709163,-20.24532732
20.72892763,5.8,1.045121684,-20.81858875
3.787265687,1.8,1.053624508,-20.27686378
6.240760061,1.6,1.05593751,-20.14105644
7.672467636,5.8,1.053264053,-20.06789965
11.70497586,5,1.037282497,-20.91111529
1.759464887,0,1.06,0
30.85790437,12.7,1.045,-9.066851644
192.5293817,19,1.01,-24.08544467
98.33776925,-3.9,1.008691481,-17.00770784
9.983095894,1.6,1.011657464,-14.10699992
12.21535867,7.5,1.07,-19.24966795
0.982744908,0,1.058028096,-18.97298786
-1.889902041,0,1.09,-18.8075932
10.36296857,16.6,1.052581958,-20.03722915
18.52597591,5.8,1.045690701,-20.5228897
3.229169919,1.8,1.054183794,-20.00381416
7.274978151,1.6,1.05518816,-19.99446595
6.320632004,5.8,1.053629148,-19.84484458
12.12370078,5,1.037062229,-20.72990327
1.516919038,0,1.06,0
33.27287207,12.7,1.045,-9.450287909
194.9819246,19,1.01,-24.81361489
107.8172713,-3.9,1.006745865,-17.70986659
9.860132942,1.6,1.010174905,-14.64798485
11.8370864,7.5,1.07,-19.72741041
0.76820638,0,1.056907652,-19.66836242
-1.586940598,0,1.09,-19.52933424
12.84185574,16.6,1.051211943,-20.72357825
17.66642061,5.8,1.044746003,-21.14045858
3.150722042,1.8,1.053688397,-20.54786022
6.857793693,1.6,1.055654178,-20.42986033
5.572537541,5.8,1.053970404,-20.29152917
11.28440602,5,1.037018041,-21.24478044
1.321044336,0,1.06,0
40.28844069,12.7,1.045,-8.887252553
164.1617506,19,1.01,-22.23729511
114.4425976,-3.9,1.006771956,-16.85006876
9.514967469,1.6,1.010658574,-13.94507652
11.19180187,7.5,1.07,-18.98017362
1.030245226,0,1.056829641,-18.89855861
-1.487812001,0,1.09,-18.76820525
11.6677587,16.6,1.051068518,-19.97979739
18.70787732,5.8,1.044243678,-20.44728474
3.873254356,1.8,1.053107828,-19.86407076
5.892734739,1.6,1.056383909,-19.62780217
5.563087236,5.8,1.053771356,-19.55046799
12.79120751,5,1.035740916,-20.62375497
1.223652401,0,1.06,0
37.93302222,12.7,1.045,-8.316673987
150.1341495,19,1.01,-20.67830892
116.9695653,-3.9,1.007758893,-16.0120027
8.21798282,1.6,1.011988275,-13.20719506
10.22086405,7.5,1.07,-17.94198353
0.88946849,0,1.057311952,-17.91825875
-2.09797881,0,1.09,-17.73452984
10.91714756,16.6,1.05152033,-18.96934438
19.85488792,5.8,1.044278347,-19.47705595
4.065514653,1.8,1.053022981,-18.87008927
5.122462448,1.6,1.057282692,-18.50511227
5.143853955,5.8,1.054530459,-18.44299553
10.95552666,5,1.037671846,-19.4223863
1.320577173,0,1.06,0
34.97471431,12.7,1.045,-8.377343878
144.8805448,19,1.01,-20.61364696
125.5302892,-3.9,1.005807865,-16.38011736
8.577029788,1.6,1.010346219,-13.51000499
11.13838119,7.5,1.07,-18.49230318
0.88067546,0,1.056443608,-18.37191117
-1.891967813,0,1.09,-18.20608739
10.54323749,16.6,1.050739285,-19.45475526
20.69126621,5.8,1.043528848,-19.98986242
3.263980939,1.8,1.052987786,-19.36036378
6.325590866,1.6,1.056085992,-19.15206862
5.262109039,5.8,1.054007533,-19.03570489
11.84562789,5,1.036353297,-20.02696143
0.964365378,0,1.06,0
34.35722438,12.7,1.045,-7.804446999
142.5744949,19,1.01,-19.52266646
108.1210354,-3.9,1.009552688,-15.16969501
8.952821673,1.6,1.013300219,-12.56283981
12.55731852,7.5,1.07,-17.40309645
1.38957194,0,1.058519526,-17.13698405
-1.263021396,0,1.09,-17.02650221
9.684635121,16.6,1.053156046,-18.14406481
17.50900123,5.8,1.046428083,-18.60387138
3.394749681,1.8,1.054514805,-18.12932579
6.245400082,1.6,1.056341506,-18.0322262
4.634043437,5.8,1.054561053,-17.89943864
12.54022885,5,1.037492581,-18.84625519
0.939922875,0,1.06,0
30.04211702,12.7,1.045,-8.214654279
153.1915049,19,1.01,-20.82511123
113.9167982,-3.9,1.007578963,-16.03517055
8.559945262,1.6,1.011508521,-13.25808632
13.8151006,7.5,1.07,-18.3524291
1.241390232,0,1.057512108,-18.08089616
-1.24171503,0,1.09,-17.97217461
10.73711761,16.6,1.052091701,-19.1345802
19.03205429,5.8,1.045063886,-19.65050249
3.814517499,1.8,1.053606532,-19.14818901
6.602016025,1.6,1.056054602,-18.99668022
4.695049057,5.8,1.054638061,-18.83590348
11.02056841,5,1.038024713,-19.69170254
0.449499564,0,1.06,0
31.17898122,12.7,1.045,-8.7014151
161.6169722,19,1.01,-22.02641912
118.0164087,-3.9,1.005680306,-16.87940359
8.749738265,1.6,1.009788438,-13.95059303
12.45599417,7.5,1.07,-19.2170097
0.676212131,0,1.056253871,-19.05297489
-1.278618635,0,1.09,-18.94088879
12.49135264,16.6,1.050485801,-20.20629161
20.84157747,5.8,1.043239625,-20.74636036
3.484721466,1.8,1.052735608,-20.11209506
6.80548776,1.6,1.05562801,-19.91787317
5.380468986,5.8,1.053821023,-19.78275656
11.9332188,5,1.036060613,-20.78390375
-0.076555871,0,1.06,0
30.72775521,12.7,1.045,-7.968975846
150.2075676,19,1.01,-20.23520118
104.8682894,-3.9,1.009033366,-15.50632808
9.824601343,1.6,1.012535015,-12.87277221
13.58956006,7.5,1.07,-17.97890662
0.587372388,0,1.058180617,-17.62565256
-0.686671807,0,1.09,-17.56556725
11.97374203,16.6,1.052787471,-18.72368591
18.14950581,5.8,1.045959648,-19.2047012
3.315414943,1.8,1.054299821,-18.71350858
6.231556284,1.6,1.056173304,-18.63385302
6.069047669,5.8,1.054016111,-18.52430856
11.75414499,5,1.037621676,-19.38315267
0.336187334,0,1.06,0
30.37784435,12.7,1.045,-7.746928344
155.4868418,19,1.01,-20.09452807
91.78348064,-3.9,1.011550955,-14.90514939
10.06632374,1.6,1.014431594,-12.40953316
12.93554613,7.5,1.07,-17.4142605
0.128557975,0,1.059499668,-16.95830194
-0.956083627,0,1.09,-16.87474664
12.40259844,16.6,1.05425156,-18.0644912
17.57475092,5.8,1.047372225,-18.53832243
3.182148688,1.8,1.055112552,-18.09151837
7.46284652,1.6,1.055245137,-18.14340539
6.181265267,5.8,1.054247899,-17.96027
10.66952724,5,1.03936495,-18.67748237
0.27318356,0,1.06,0
28.05966817,12.7,1.045,-7.880104291
146.8861884,19,1.01,-19.98727605
102.4250937,-3.9,1.008461307,-15.47497992
9.615947997,1.6,1.011894638,-12.87811168
13.32370939,7.5,1.07,-18.3370447
0.23160363,0,1.057696387,-17.83952388
-0.98251479,0,1.09,-17.75351228
14.56735663,16.6,1.052206417,-19.1008076
20.1331039,5.8,1.044912465,-19.65401304
3.494606143,1.8,1.053658079,-19.12617202
7.98611039,1.6,1.054466518,-19.14410878
7.051969336,5.8,1.053264092,-18.96696272
11.51797992,5,1.037135219,-19.77080561
0.229401708,0,1.06,0
31.72134878,12.7,1.045,-7.550887541
133.751626,19,1.01,-18.7356088
104.3712573,-3.9,1.009202074,-14.88080595
9.020297541,1.6,1.01283947,-12.37254282
13.45287523,7.5,1.07,-17.61236575
0.037600069,0,1.058132147,-17.12866539
-1.293410331,0,1.09,-17.01548388
13.97031207,16.6,1.052689147,-18.35868873
19.95899619,5.8,1.045389559,-18.90531333
3.326331818,1.8,1.053981913,-18.38118844
7.770809409,1.6,1.054916812,-18.36453395
5.608303821,5.8,1.05408708,-18.16522525
11.27842367,5,1.0379456,-18.98252499
0.283477219,0,1.06,0
32.19213526,12.7,1.045,-8.107645145
152.0758764,19,1.01,-20.53011367
106.7796325,-3.9,1.008568252,-15.71993804
8.333669682,1.6,1.012225772,-13.02842209
11.6036476,7.5,1.07,-18.20281462
0.253914693,0,1.05787141,-17.86311568
-0.693578402,0,1.09,-17.80240829
12.13714372,16.6,1.052392077,-18.99262344
17.95578528,5.8,1.045596457,-19.46872303
3.8525277,1.8,1.053874247,-18.98454702
7.32931608,1.6,1.055033033,-18.96676626
6.65948818,5.8,1.053301973,-18.82707938
12.75031591,5,1.036350166,-19.74781877
0.407737944,0,1.06,0
31.6696522,12.7,1.045,-7.361186682
135.7220663,19,1.01,-18.50342538
96.99120022,-3.9,1.01078724,-14.42631436
7.674423701,1.6,1.01424336,-11.98535612
11.44768154,7.5,1.07,-17.08630255
0.71600474,0,1.058834902,-16.68935629
-0.576885361,0,1.09,-16.63890874
11.34470346,16.6,1.053326402,-17.8493886
19.76944537,5.8,1.045905411,-18.39409069
3.771306637,1.8,1.054055196,-17.885441
6.649876161,1.6,1.055641227,-17.80611781
6.880369132,5.8,1.053383789,-17.70606659
13.03483015,5,1.036715087,-18.63646702
0.395383579,0,1.06,0
36.75601843,12.7,1.045,-7.370037149
140.1908277,19,1.01,-18.59451902
86.86675926,-3.9,1.012512406,-14.13107864
7.314415553,1.6,1.015562285,-11.76527841
9.390430692,7.5,1.07,-16.77998461
0.655401522,0,1.059578919,-16.41868143
-0.078533358,0,1.09,-16.41181866
10.49898203,16.6,1.054004393,-17.56793784
19.44220574,5.8,1.046501491,-18.10287909
4.138832317,1.8,1.054202305,-17.60572471
7.691894148,1.6,1.054731945,-17.5841867
6.532413345,5.8,1.053185015,-17.44040675
14.43139394,5,1.035985616,-18.47404112
-0.029471988,0,1.06,0
36.15958892,12.7,1.045,-7.63908222
153.449121,19,1.01,-19.67163766
79.2838844,-3.9,1.012828344,-14.4567817
7.303630845,1.6,1.015473314,-12.06342192
9.411493942,7.5,1.07,-17.28716993
0.775113672,0,1.05966094,-16.87108935
0.106676919,0,1.09,-16.88041078
11.87956582,16.6,1.054078703,-18.06887087
19.76539601,5.8,1.046385959,-18.62839568
4.782550104,1.8,1.053864914,-18.15453452
8.299159268,1.6,1.054090535,-18.15515426
7.838471686,5.8,1.052749742,-17.99780243
13.29084955,5,1.036684014,-18.90807653
-0.158918863,0,1.06,0
32.18108813,12.7,1.045,-6.446114682
129.9411847,19,1.01,-16.63643007
69.39091051,-3.9,1.016275229,-12.46919639
8.367694661,1.6,1.018639734,-10.43408885
7.019736703,7.5,1.07,-15.14312834
0.952363601,0,1.061464152,-14.72451981
-0.022418315,0,1.09,-14.72256423
10.54498383,16.6,1.056012059,-15.83947526
16.47262957,5.8,1.048895749,-16.29439554
4.793410144,1.8,1.055209089,-15.91617615
7.709399786,1.6,1.05468088,-15.96770284
7.267777229,5.8,1.052975538,-15.84119282
15.28322018,5,1.036425627,-16.86889491
0.068391729,0,1.06,0
30.8967017,12.7,1.045,-6.288972933
127.9045845,19,1.01,-16.2987664
65.8175137,-3.9,1.016793387,-12.20651061
8.830266989,1.6,1.01897117,-10.23779309
7.370204181,7.5,1.07,-14.98561692
0.962384391,0,1.061757742,-14.4914206
-0.283331564,0,1.09,-14.46671199
11.43458182,16.6,1.056387043,-15.63600055
17.65986042,5.8,1.049013672,-16.12710558
3.998585932,1.8,1.055608431,-15.71387573
8.589019086,1.6,1.053986813,-15.86375452
7.789746393,5.8,1.053083583,-15.68432822
13.35832712,5,1.038117016,-16.53052941
0.475712232,0,1.06,0
33.00650046,12.7,1.045,-6.519303123
132.9861763,19,1.01,-16.88157073
66.76396175,-3.9,1.016353258,-12.53232805
8.187195203,1.6,1.01869124,-10.48703376
7.400411709,7.5,1.07,-15.19409729
1.429164235,0,1.061271906,-14.8724003
-0.367126521,0,1.09,-14.84036949
11.31157214,16.6,1.055602591,-16.02429935
18.59922554,5.8,1.047999379,-16.5274773
4.507664951,1.8,1.054814642,-16.04478451
6.838692022,1.6,1.05554259,-15.94743474
6.870818964,5.8,1.053345243,-15.85902372
14.61740216,5,1.036833906,-16.92753159
0.480438291,0,1.06,0
35.68631434,12.7,1.045,-7.2550062
141.7542369,19,1.01,-18.49159896
80.96711326,-3.9,1.013268483,-13.88151385
8.534695527,1.6,1.01617306,-11.57041147
6.578794807,7.5,1.07,-16.41158955
1.439128272,0,1.059608123,-16.24539539
-0.181376067,0,1.09,-16.22954596
11.04779133,16.6,1.053691054,-17.39686226
17.98415651,5.8,1.046521942,-17.85341564
4.61948573,1.8,1.053973215,-17.32195017
6.272152144,1.6,1.055690762,-17.16927361
7.024529923,5.8,1.052417095,-17.14677339
17.45627012,5,1.033195507,-18.49529367
0.684978724,0,1.06,0
35.95676825,12.7,1.045,-6.978436023
145.2113326,19,1.01,-18.16184667
68.71049299,-3.9,1.015897955,-13.17898436
8.364282567,1.6,1.018248168,-11.0081361
7.893828919,7.5,1.07,-15.65370888
1.216808828,0,1.061048799,-15.43924116
0.102112621,0,1.09,-15.44815208
11.05203273,16.6,1.055316539,-16.53513057
16.08278539,5.8,1.048471632,-16.93232671
4.164722871,1.8,1.055219173,-16.45966291
5.418023669,1.6,1.056645062,-16.32417236
6.590531175,5.8,1.053124708,-16.32404023
16.92774044,5,1.034846155,-17.60520088
0.587673562,0,1.06,0
38.56940566,12.7,1.045,-7.927677621
182.3473008,19,1.01,-21.44419908
61.39369197,-3.9,1.016232852,-14.37930311
9.310962895,1.6,1.018099162,-11.99990651
6.291041264,7.5,1.07,-16.51533339
0.860451067,0,1.061203078,-16.47124889
0.383550184,0,1.09,-16.50471479
10.70148745,16.6,1.05537948,-17.4845592
13.29174873,5.8,1.049214497,-17.77003275
4.39808526,1.8,1.055510269,-17.32135985
5.805821574,1.6,1.056304988,-17.2216139
6.122717479,5.8,1.053012342,-17.20963808
18.11427272,5,1.033935494,-18.62290345
0.045605079,0,1.06,0
38.12612489,12.7,1.045,-7.046180855
162.2132899,19,1.01,-19.00339346
56.66809401,-3.9,1.018912784,-12.88331337
9.28172703,1.6,1.020563811,-10.76799529
6.401368686,7.5,1.07,-14.94258276
0.360375274,0,1.062896723,-14.76777571
0.676922791,0,1.09,-14.82674514
10.52485392,16.6,1.057483428,-15.68614145
10.24969581,5.8,1.051952517,-15.88403979
3.424565152,1.8,1.057419199,-15.54227449
6.69890678,1.6,1.05581707,-15.67162539
5.801704265,5.8,1.053763838,-15.57959194
16.42317122,5,1.036763941,-16.75803487
0.28951035,0,1.06,0
34.46312211,12.7,1.045,-6.69232221
160.3971224,19,1.01,-18.40342657
53.98941221,-3.9,1.020335894,-12.30192807
8.590304448,1.6,1.021864736,-10.26368218
5.97151798,7.5,1.07,-14.21053985
0.671552873,0,1.063894951,-14.01140242
1.053927931,0,1.09,-14.10312814
9.561234351,16.6,1.058777753,-14.80087646
7.261139456,5.8,1.053811995,-14.9227236
3.638860058,1.8,1.058346353,-14.70529967
7.411940575,1.6,1.055373728,-14.9642845
5.851644367,5.8,1.054214481,-14.81362006
14.78530888,5,1.038934867,-15.79135875
0.128594913,0,1.06,0
29.62848475,12.7,1.045,-5.847617756
136.6550091,19,1.01,-15.98490285
56.34116487,-3.9,1.021047344,-11.13445501
7.459007895,1.6,1.022821715,-9.273764553
5.745085124,7.5,1.07,-13.07658132
0.769680343,0,1.064334771,-12.8092246
0.555526543,0,1.09,-12.85755333
9.88192217,16.6,1.059331891,-13.60333542
7.867780107,5.8,1.054080443,-13.76402841
3.968342673,1.8,1.058352184,-13.57533564
7.320858692,1.6,1.055612238,-13.79992448
6.040993813,5.8,1.054708834,-13.63383796
12.57283344,5,1.041102154,-14.42373275
0.3430094,0,1.06,0
34.6353966,12.7,1.045,-5.976472716
142.3934626,19,1.01,-16.35009958
52.80341729,-3.9,1.022075802,-11.09794631
8.294798627,1.6,1.023695497,-9.238870973
4.598733275,7.5,1.07,-12.69757966
0.624950724,0,1.064789795,-12.62553736
1.041113592,0,1.09,-12.71607167
10.15198866,16.6,1.059695838,-13.32490621
7.385033726,5.8,1.054471064,-13.45327294
4.098849111,1.8,1.058481184,-13.23786975
6.142825936,1.6,1.05687188,-13.31284971
6.149497033,5.8,1.055483995,-13.18864321
9.651616862,5,1.043765346,-13.83964498
0.248647263,0,1.06,0
33.09409382,12.7,1.045,-5.724049868
130.9329824,19,1.01,-15.42610737
53.90357709,-3.9,1.021519612,-10.82755322
9.105888289,1.6,1.023257249,-9.036184854
5.028783893,7.5,1.07,-12.60406881
0.511249297,0,1.064332348,-12.52111914
0.839397556,0,1.09,-12.59414377
12.90703045,16.6,1.05908064,-13.32414582
7.75952189,5.8,1.053928834,-13.43850708
3.488992886,1.8,1.058438134,-13.15373826
6.123456022,1.6,1.056832161,-13.22855194
5.88267582,5.8,1.055298959,-13.11455927
10.61730752,5,1.042624668,-13.88416664
0.454265375,0,1.06,0
36.06463423,12.7,1.045,-5.859444425
133.081399,19,1.01,-15.68248043
52.1285933,-3.9,1.021538284,-10.95486854
9.368414557,1.6,1.023195095,-9.15650773
5.50115528,7.5,1.07,-12.76184782
0.41434515,0,1.064256643,-12.69783188
1.059731384,0,1.09,-12.79003134
12.20531698,16.6,1.058927246,-13.51970503
9.130348541,5.8,1.053391428,-13.68207274
3.801021126,1.8,1.058007419,-13.37047687
6.072348731,1.6,1.056999689,-13.36348142
4.692968549,5.8,1.055685314,-13.23584651
11.26637085,5,1.042227965,-14.09886229
0.567658525,0,1.06,0
27.71412844,12.7,1.045,-5.550255021
129.6041275,19,1.01,-15.19416713
53.6692033,-3.9,1.021442644,-10.6893056
9.212143068,1.6,1.02315916,-8.922743451
5.236841094,7.5,1.07,-12.5688194
0.360975429,0,1.064314687,-12.4108025
0.627990223,0,1.09,-12.46543634
11.61687807,16.6,1.059100945,-13.2484575
10.335531,5.8,1.053272297,-13.46285698
3.540914964,1.8,1.058062513,-13.15103538
6.948784854,1.6,1.056208094,-13.23423625
5.350469906,5.8,1.055511831,-13.06229711
10.23830062,5,1.04300755,-13.78833476
0.334499288,0,1.06,0
33.11280597,12.7,1.045,-5.948394669
135.8396987,19,1.01,-16.04077884
60.4780327,-3.9,1.020900775,-11.23661546
9.833484862,1.6,1.022829876,-9.349048923
4.82458304,7.5,1.07,-12.75614154
0.252263543,0,1.064141125,-12.73359342
0.516219021,0,1.09,-12.77851072
10.5060526,16.6,1.05893202,-13.4668379
8.499051997,5.8,1.053531997,-13.6198065
4.073051793,1.8,1.057980355,-13.3496206
6.3843595,1.6,1.056895434,-13.349162
4.110581835,5.8,1.056197683,-13.17877591
9.922416786,5,1.043432413,-13.93687844
0.006907047,0,1.06,0
32.57604318,12.7,1.045,-6.162381954
151.5338198,19,1.01,-17.13050492
50.39075197,-3.9,1.022032299,-11.39420534
10.37917076,1.6,1.023428006,-9.508339365
4.850486929,7.5,1.07,-12.95749628
0.181315164,0,1.064689293,-12.89589667
0.843143065,0,1.09,-12.96922255
7.704808799,16.6,1.059501378,-13.61776993
9.94916596,5.8,1.053699766,-13.8231856
3.618483076,1.8,1.05825752,-13.52941268
5.922630333,1.6,1.057132578,-13.54449284
4.611650846,5.8,1.055738005,-13.42066491
11.78584295,5,1.042210248,-14.27562057
0.127334823,0,1.06,0
25.78851358,12.7,1.045,-5.838734149
146.4701835,19,1.01,-16.50858737
50.9647801,-3.9,1.021982126,-11.06834047
9.14771673,1.6,1.02349332,-9.21907486
4.697599408,7.5,1.07,-12.75709162
-0.035635196,0,1.064640236,-12.62600513
0.760741018,0,1.09,-12.69216778
7.612734319,16.6,1.05944808,-13.39363883
10.03815343,5.8,1.053574785,-13.61435887
4.059339375,1.8,1.058009855,-13.34665133
5.773653477,1.6,1.05710204,-13.35571542
5.048025134,5.8,1.055282025,-13.25796446
13.07758947,5,1.041038465,-14.18157122
-0.571911165,0,1.06,0
23.62190734,12.7,1.045,-5.783154639
150.0162074,19,1.01,-16.62929969
49.52745127,-3.9,1.022596187,-10.96765343
7.774032929,1.6,1.023984694,-9.1215228
6.201628397,7.5,1.07,-12.69234484
0.377269713,0,1.065262512,-12.42986533
0.66132247,0,1.09,-12.48734781
7.543906874,16.6,1.060416061,-13.13031431
8.133154853,5.8,1.054878503,-13.32270077
4.330339436,1.8,1.058624966,-13.18050206
6.472147115,1.6,1.056615016,-13.31574868
5.645898172,5.8,1.055612654,-13.16015296
10.57898653,5,1.043576714,-13.79036917
-0.485025528,0,1.06,0
23.7210478,12.7,1.045,-6.265396121
163.7214273,19,1.01,-18.09469871
54.44769056,-3.9,1.021610819,-11.75931823
8.193360897,1.6,1.023206546,-9.745872301
5.37875047,7.5,1.07,-13.21210433
0.063124863,0,1.064669782,-13.11174034
0.468077571,0,1.09,-13.15244852
6.378400694,16.6,1.059638724,-13.78336671
9.870604062,5.8,1.053830205,-14.0043494
3.774950553,1.8,1.058278062,-13.75447789
5.913191505,1.6,1.057132235,-13.79391163
5.298026326,5.8,1.05575525,-13.66591406
10.3887696,5,1.043320189,-14.36462028
-0.630641236,0,1.06,0
22.41971496,12.7,1.045,-5.667254274
148.4265958,19,1.01,-16.40057628
55.91186305,-3.9,1.022804234,-10.82007443
7.068689673,1.6,1.024497665,-8.93904718
5.114893903,7.5,1.07,-12.13145535
-0.165323615,0,1.065479182,-11.96983304
0.181577541,0,1.09,-11.98561263
4.906522364,16.6,1.060679494,-12.56526303
9.130455775,5.8,1.055061073,-12.76526977
2.743617195,1.8,1.059384851,-12.54238048
5.852659478,1.6,1.057277242,-12.692746
5.565893272,5.8,1.056061311,-12.55388769
9.227585307,5,1.044899894,-13.0998358
-1.25622436,0,1.06,0
19.40866778,12.7,1.045,-5.499630136
148.8300499,19,1.01,-16.20761779
53.52677969,-3.9,1.02330977,-10.57148167
5.411182748,1.6,1.025002457,-8.711276504
5.643970146,7.5,1.07,-11.9039694
-0.340056366,0,1.065694221,-11.72995309
0.149667844,0,1.09,-11.74295702
4.991168187,16.6,1.060874936,-12.34160954
9.631884207,5.8,1.055114778,-12.55587494
2.579650645,1.8,1.05947677,-12.31598721
5.124446757,1.6,1.057896091,-12.41716561
5.801365508,5.8,1.056098473,-12.31898013
9.176507795,5,1.04506408,-12.86715979
-0.981830001,0,1.06,0
22.43048369,12.7,1.045,-5.119236304
136.6219436,19,1.01,-14.92124296
50.20512291,-3.9,1.024354676,-9.849398716
5.058541201,1.6,1.025953695,-8.123512014
6.329247022,7.5,1.07,-11.18918762
-0.09075061,0,1.066240063,-11.00859516
0.547606169,0,1.09,-11.05614972
4.634311725,16.6,1.061480474,-11.58483908
8.886310936,5.8,1.055873551,-11.77320662
2.205534445,1.8,1.060040557,-11.54843651
4.184195535,1.6,1.05877209,-11.6263576
5.513030774,5.8,1.056403273,-11.56850811
9.46637279,5,1.045336607,-12.13563914
-0.653816394,0,1.06,0
20.58741378,12.7,1.045,-5.215854403
144.6587189,19,1.01,-15.49751814
47.2473869,-3.9,1.024721394,-9.974791361
4.827591409,1.6,1.026153747,-8.226153522
7.535396661,7.5,1.07,-11.31699413
0.050017999,0,1.066506593,-11.11743996
1.066524181,0,1.09,-11.21003466
4.296091757,16.6,1.061845821,-11.64840009
7.275515342,5.8,1.056624273,-11.78880302
2.096268796,1.8,1.060499223,-11.61402315
3.49271053,1.6,1.059315657,-11.71044532
5.790853054,5.8,1.056344607,-11.69201525
9.9279178,5,1.045191295,-12.26163352
-0.93313325,0,1.06,0
20.9133653,12.7,1.045,-5.68742299
155.9606237,19,1.01,-16.82633186
53.280414,-3.9,1.02350242,-10.78644368
5.202300041,1.6,1.025197854,-8.871020191
7.241909806,7.5,1.07,-11.92724165
0.493346972,0,1.065847686,-11.8904622
1.442431456,0,1.09,-12.0157703
3.550744226,16.6,1.061067133,-12.35536658
7.058756255,5.8,1.05590591,-12.48509865
2.877276744,1.8,1.059782139,-12.3065941
2.923815482,1.6,1.059860615,-12.27098576
5.296916001,5.8,1.056590421,-12.27349854
9.588911724,5,1.045088676,-12.88744242
-1.822341278,0,1.06,0
22.7204676,12.7,1.045,-4.615126594
116.0274673,19,1.01,-13.10916402
52.89378187,-3.9,1.024386528,-9.130158725
5.479248366,1.6,1.026103535,-7.542614317
8.170754331,7.5,1.07,-10.58037216
1.498479261,0,1.066448038,-10.33139932
0.822205297,0,1.09,-10.40278637
2.866550873,16.6,1.061905037,-10.82550719
7.45272455,5.8,1.056617621,-10.9905813
2.280989102,1.8,1.060432701,-10.85514332
2.755426775,1.6,1.059943814,-10.91339093
5.631945984,5.8,1.056481112,-10.92434104
10.23858172,5,1.045064825,-11.48716666
-1.436937294,0,1.06,0
22.04536627,12.7,1.045,-4.134498536
101.2927018,19,1.01,-11.6372251
52.8622903,-3.9,1.024864857,-8.386238947
4.624706063,1.6,1.026698109,-6.915179069
6.818257917,7.5,1.07,-9.827532791
1.303500642,0,1.066688764,-9.571454783
0.913878014,0,1.09,-9.650783318
3.179888729,16.6,1.06216205,-10.06319508
6.888882605,5.8,1.056890298,-10.22142663
2.917912898,1.8,1.060310064,-10.12580444
2.9314668,1.6,1.059810911,-10.17259236
5.875478856,5.8,1.056499185,-10.17454616
9.684870019,5,1.045621029,-10.68634308
-2.01260778,0,1.06,0
20.5105932,12.7,1.045,-3.777811351
93.07482205,19,1.01,-10.69292277
50.34362965,-3.9,1.025411264,-7.817288391
3.931482415,1.6,1.027256044,-6.436380113
5.880502206,7.5,1.07,-9.252650703
1.059160472,0,1.066833745,-9.020929845
0.703690145,0,1.09,-9.082004861
3.133712924,16.6,1.062189227,-9.54785177
7.803435584,5.8,1.056589954,-9.737715657
3.445897772,1.8,1.059913018,-9.623555572
2.059065884,1.6,1.060543491,-9.543276406
5.891738453,5.8,1.056518349,-9.596534826
10.12704628,5,1.045321069,-10.17877009
-1.709895412,0,1.06,0
21.72784429,12.7,1.045,-4.026879219
97.05895453,19,1.01,-11.27878078
56.44215963,-3.9,1.024649634,-8.258142522
3.949303236,1.6,1.026775566,-6.773602101
5.458026853,7.5,1.07,-9.50196702
1.335231881,0,1.066417414,-9.380342084
0.272485921,0,1.09,-9.404001043
3.110234487,16.6,1.06168162,-9.873377874
7.111648621,5.8,1.056400649,-10.01670254
2.970218848,1.8,1.060008123,-9.864234959
1.889466063,1.6,1.06070562,-9.778773236
5.347647128,5.8,1.056584952,-9.839221268
10.69328553,5,1.04464319,-10.51337646
-1.817190052,0,1.06,0
24.55238982,12.7,1.045,-3.893403814
88.49654742,19,1.01,-10.5980627
58.78385384,-3.9,1.024634954,-8.013739989
4.315033159,1.6,1.026855906,-6.574501559
4.75738911,7.5,1.07,-9.202517591
1.398131813,0,1.066497376,-9.06529128
0.089294626,0,1.09,-9.073043825
3.171850378,16.6,1.061843897,-9.528281186
5.690384305,5.8,1.05693794,-9.625917102
2.792559855,1.8,1.060380399,-9.509643315
2.026187758,1.6,1.06052741,-9.496876969
5.843706281,5.8,1.056391074,-9.556839528
10.59521579,5,1.044726617,-10.18779229
-1.68798135,0,1.06,0
23.84821852,12.7,1.045,-3.467638826
75.37527256,19,1.01,-9.296457748
58.08089495,-3.9,1.024996955,-7.348488954
4.012776481,1.6,1.027281754,-6.022199438
4.658009417,7.5,1.07,-8.542332247
0.71473577,0,1.066659321,-8.385743358
0.257430535,0,1.09,-8.408090044
3.838484988,16.6,1.06199831,-8.87012125
5.66398141,5.8,1.057135554,-8.958414844
2.342650917,1.8,1.060672141,-8.82347284
1.317228551,1.6,1.06112072,-8.789747105
6.058626231,5.8,1.056425653,-8.888612088
10.5462852,5,1.044865037,-9.521289076
-1.947530875,0,1.06,0
26.70081317,12.7,1.045,-3.078190206
62.03337868,19,1.01,-7.956098724
52.57966517,-3.9,1.025803724,-6.600231211
4.312012219,1.6,1.027861359,-5.441774341
4.556166881,7.5,1.07,-7.961672468
0.015497246,0,1.067080643,-7.668875228
0.143473483,0,1.09,-7.681324765
3.670625109,16.6,1.062486342,-8.214986194
5.929999546,5.8,1.057424654,-8.333732664
2.780893511,1.8,1.060647477,-8.242284941
1.206689344,1.6,1.061166024,-8.206753179
6.019916547,5.8,1.056302056,-8.315594089
11.70325082,5,1.04425605,-8.993302988
-2.117048262,0,1.06,0
25.83325877,12.7,1.045,-3.059709027
66.97434152,19,1.01,-8.162604301
46.70829382,-3.9,1.026557219,-6.492961784
4.10567727,1.6,1.028366068,-5.3593504
5.056514804,7.5,1.07,-7.872122788
0.270010695,0,1.067363857,-7.61900365
0.377149527,0,1.09,-7.651721133
3.501107603,16.6,1.062701417,-8.168104498
6.818464153,5.8,1.057461038,-8.298638434
2.094348833,1.8,1.060941113,-8.146447601
1.696557966,1.6,1.060927481,-8.128574319
4.630581715,5.8,1.056768428,-8.19342156
12.29600863,5,1.044148019,-8.960256553
